Name,TID,InfoTID,SWF,Speed,Hitpoints,UpgradeTimeH,UpgradeResource,UpgradeCost,RequiredTownHallLevel,AttackRange,AttackSpeed,CoolDownOverride,DPS,PreferedTargetDamageMod,DamageRadius,IconSWF,IconExportName,BigPicture,BigPictureSWF,SmallPicture,SmallPictureSWF,Projectile,RageProjectile,PreferedTargetBuilding,DeployEffect,AttackEffect,AttackEffectAlt,HitEffect,IsFlying,AirTargets,GroundTargets,IsJumper,AttackCount,DieEffect,Animation,MaxSearchRadiusForDefender,HousingSpace,SpecialAbilityEffect,RegenerationTimeMinutes,TrainingTime,TrainingResource,TrainingCost,CelebrateEffect,SleepOffsetX,SleepOffsetY,PatrolRadius,AbilityTriggerEffect,AbilityAffectsHero,AbilityAffectsCharacter,AbilityRadius,AbilityTime,AbilityOnce,AbilityCooldown,AbilitySpeedBoost,AbilitySpeedBoost2,AbilityDamageBoostPercent,AbilitySummonTroop,AbilitySummonTroopCount,AbilityStealth,AbilityDamageBoostOffset,AbilityHealthIncrease,AbilityShieldProjectileSpeed,AbilityShieldProjectileDamageMod,AbilityTID,AbilityDescTID,AbilityIcon,AbilityBigPictureExportName,AbilityDelay,StrengthWeight,StrengthWeight2,AlertRadius,Scale,AuraSpell,AuraSpellLevel,AuraTID,AuraDescTID,AuraBigPictureExportName,AbilitySpell,AbilitySpellLevel,RetributionSpell,RetributionSpellLevel,RetributionSpellTriggerHealth,HasAltMode,AltModeFlying,AltModeAnimation,PreferedTargetBuildingClass,NoAttackOverWalls,TargetGroups,FightWithGroups,TargetGroupsRadius,TargetGroupsRange,TargetGroupsMinWeight,SmoothJump,WakeUpSpeed,WakeUpSpace,FriendlyGroupWeight,EnemyGroupWeight,AttackEffectShared,TargetedEffectOffset,TriggersTraps
String,String,String,String,int,int,int,String,int,int,int,int,int,int,int,int,String,String,String,String,String,String,String,String,String,String,String,String,String,boolean,boolean,boolean,boolean,int,String,String,int,int,String,int,int,String,int,String,int,int,int,String,boolean,String,int,int,boolean,int,int,int,int,String,int,boolean,int,int,int,int,String,String,String,String,int,int,int,int,int,String,int,String,String,String,String,int,String,int,int,boolean,boolean,String,String,boolean,boolean,boolean,int,int,int,boolean,int,int,int,int,String,int,boolean
Barbarian King,TID_BARBARIAN_KING,TID_HERO_INSTRUCTIONS_BARBARIAN,sc/characters.cs,200,1700,1,DarkElixir,1,7,100,1200,,120,1,,sc/ui.sc,icon_hero_barbarianKing,unit_barbarianKing_big,sc/info_barbarian.sc,unit_barbarianKing_small,sc/ui.sc,,,,Barbarian King Deploy,Barbarian King Attack,,Barbarian King Hit,false,false,true,false,,Barbarian King Die,BarbarianKing_lvl1,900,25,Building Ready,10,,Elixir,,Barbarian King Scream,70,-40,300,King Ability Effect,true,Barbarian,2500,0,true,0,0,0,0,Barbarian,0,,0,0,,,TID_HERO_ABILITY_BARBARIAN_TITLE,TID_HERO_ABILITY_BARBARIAN_DESC,icon_hero_barbarianKing_ability1,unit_barbarianKing_ability_big,0,13,10,1200,,,,,,,,,,,,,,,,,,,,,,,,,3000,2500,,-50,true
,,,,,1742,1,,1,7,,,,122,,,,,,,,,,,,,,,,,,,,,,BarbarianKing_lvl1,,,,11,,,,,,,,,,,,0,,,0,0,0,,0,,0,0,,,,,,,,13,10,,,,,,,,,,,,,,,,,,,,,,,,,,,,,,
,,,,,1786,1,,1,7,,,,124,,,,,,,,,,,,,,,,,,,,,,BarbarianKing_lvl1,,,,12,,,,,,,,,,,,0,,,0,0,0,,0,,0,0,,,,,,,,13,10,,,,,,,,,,,,,,,,,,,,,,,,,,,,,,
,,,,,1830,1,,1,7,,,,127,,,,,,,,,,,,,,,,,,,,,,BarbarianKing_lvl1,,,,13,,,,,,,,,,,,0,,,0,0,0,,0,,0,0,,,,,,,,13,10,,,,,,,,,,,,,,,,,,,,,,,,,,,,,,
,,,,,1876,1,,1,7,,,,129,,,,,,,,,,,,,,,,,,,,,,BarbarianKing_lvl1,,,,14,,,,,,,,,,,,10000,,,18,9,120,,6,,56,500,,,,,,,,14,11,,,,,,,,,,,,,,,,,,,,,,,,,,,,,,
,,,,,1923,1,,1,8,,,,132,,,,,,,,,,,,,,,,,,,,,,BarbarianKing_lvl1,,,,15,,,,,,,,,,,,10000,,,18,9,120,,6,,56,500,,,,,,,,14,11,,,,,,,,,,,,,,,,,,,,,,,,,,,,,,
,,,,,1971,1,,1,8,,,,135,,,,,,,,,,,,,,,,,,,,,,BarbarianKing_lvl1,,,,16,,,,,,,,,,,,10000,,,18,9,120,,6,,56,500,,,,,,,,14,11,,,,,,,,,,,,,,,,,,,,,,,,,,,,,,
,,,,,2020,1,,1,8,,,,137,,,,,,,,,,,,,,,,,,,,,,BarbarianKing_lvl1,,,,17,,,,,,,,,,,,10000,,,18,9,120,,6,,56,500,,,,,,,,14,11,,,,,,,,,,,,,,,,,,,,,,,,,,,,,,
,,,,,2071,1,,1,8,,,,140,,,,,,,,,,,,,,,,,,,,,,BarbarianKing_lvl1,,,,18,,,,,,,,,,,,10000,,,18,9,120,,6,,56,500,,,,,,,,14,11,,,,,,,,,,,,,,,,,,,,,,,,,,,,,,
,,,,,2123,1,,1,8,,,,143,,,,,,,,,,,,,,,,,,,,,,BarbarianKing_lvl2,,,,19,,,,,,,,,,,,10000,,,19,9,124,,8,,101,620,,,,,,,,15,12,,,,,,,,,,,,,,,,,,,,,,,,,,,,,,
,,,,,2176,1,,1,9,,,,146,,,,,,,,,,,,,,,,,,,,,,BarbarianKing_lvl2,,,,20,,,,,,,,,,,,10000,,,19,9,124,,8,,101,620,,,,,,,,15,12,,,,,,,,,,,,,,,,,,,,,,,,,,,,,,
,,,,,2230,1,,1,9,,,,149,,,,,,,,,,,,,,,,,,,,,,BarbarianKing_lvl2,,,,21,,,,,,,,,,,,10000,,,19,9,124,,8,,101,620,,,,,,,,15,12,,,,,,,,,,,,,,,,,,,,,,,,,,,,,,
,,,,,2286,1,,1,9,,,,152,,,,,,,,,,,,,,,,,,,,,,BarbarianKing_lvl2,,,,22,,,,,,,,,,,,10000,,,19,9,124,,8,,101,620,,,,,,,,15,12,,,,,,,,,,,,,,,,,,,,,,,,,,,,,,
,,,,,2343,1,,1,9,,,,155,,,,,,,,,,,,,,,,,,,,,,BarbarianKing_lvl2,,,,23,,,,,,,,,,,,10000,,,19,9,124,,8,,101,620,,,,,,,,15,12,,,,,,,,,,,,,,,,,,,,,,,,,,,,,,
,,,,,2402,1,,1,9,,,,158,,,,,,,,,,,,,,,,,,,,,,BarbarianKing_lvl2,,,,24,,,,,,,,,,,,10000,,,20,10,128,,10,,147,752,,,,,,,,16,13,,,,,,,,,,,,,,,,,,,,,,,,,,,,,,
,,,,,2462,1,,1,9,,,,161,,,,,,,,,,,,,,,,,,,,,,BarbarianKing_lvl2,,,,25,,,,,,,,,,,,10000,,,20,10,128,,10,,147,752,,,,,,,,16,13,,,,,,,,,,,,,,,,,,,,,,,,,,,,,,
,,,,,2523,1,,1,9,,,,164,,,,,,,,,,,,,,,,,,,,,,BarbarianKing_lvl2,,,,26,,,,,,,,,,,,10000,,,20,10,128,,10,,147,752,,,,,,,,16,13,,,,,,,,,,,,,,,,,,,,,,,,,,,,,,
,,,,,2586,1,,1,9,,,,168,,,,,,,,,,,,,,,,,,,,,,BarbarianKing_lvl2,,,,27,,,,,,,,,,,,10000,,,20,10,128,,10,,147,752,,,,,,,,16,13,,,,,,,,,,,,,,,,,,,,,,,,,,,,,,
,,,,,2651,1,,1,9,,,,171,,,,,,,,,,,,,,,,,,,,,,BarbarianKing_lvl2,,,,28,,,,,,,,,,,,10000,,,20,10,128,,10,,147,752,,,,,,,,16,13,,,,,,,,,,,,,,,,,,,,,,,,,,,,,,
,,,,,2717,1,,1,9,,,,174,,,,,,,,,,,,,,,,,,,,,,BarbarianKing_lvl3,,,,29,,,,,,,,,,,,10000,,,21,10,132,,12,,195,899,,,,,,,,17,14,,,,,,,,,,,,,,,,,,,,,,,,,,,,,,
,,,,,2785,1,,1,9,,,,178,,,,,,,,,,,,,,,,,,,,,,BarbarianKing_lvl3,,,,30,,,,,,,,,,,,10000,,,21,10,132,,12,,195,899,,,,,,,,17,14,,,,,,,,,,,,,,,,,,,,,,,,,,,,,,
,,,,,2855,1,,1,9,,,,181,,,,,,,,,,,,,,,,,,,,,,BarbarianKing_lvl3,,,,31,,,,,,,,,,,,10000,,,21,10,132,,12,,195,899,,,,,,,,17,14,,,,,,,,,,,,,,,,,,,,,,,,,,,,,,
,,,,,2926,1,,1,9,,,,185,,,,,,,,,,,,,,,,,,,,,,BarbarianKing_lvl3,,,,32,,,,,,,,,,,,10000,,,21,10,132,,12,,195,899,,,,,,,,17,14,,,,,,,,,,,,,,,,,,,,,,,,,,,,,,
,,,,,2999,1,,1,9,,,,189,,,,,,,,,,,,,,,,,,,,,,BarbarianKing_lvl3,,,,33,,,,,,,,,,,,10000,,,21,10,132,,12,,195,899,,,,,,,,17,14,,,,,,,,,,,,,,,,,,,,,,,,,,,,,,
,,,,,3074,1,,1,9,,,,193,,,,,,,,,,,,,,,,,,,,,,BarbarianKing_lvl3,,,,34,,,,,,,,,,,,10000,,,22,11,136,,14,,245,1063,,,,,,,,18,15,,,,,,,,,,,,,,,,,,,,,,,,,,,,,,
,,,,,3151,1,,1,9,,,,196,,,,,,,,,,,,,,,,,,,,,,BarbarianKing_lvl3,,,,35,,,,,,,,,,,,10000,,,22,11,136,,14,,245,1063,,,,,,,,18,15,,,,,,,,,,,,,,,,,,,,,,,,,,,,,,
,,,,,3230,1,,1,9,,,,200,,,,,,,,,,,,,,,,,,,,,,BarbarianKing_lvl3,,,,36,,,,,,,,,,,,10000,,,22,11,136,,14,,245,1063,,,,,,,,18,15,,,,,,,,,,,,,,,,,,,,,,,,,,,,,,
,,,,,3311,1,,1,9,,,,204,,,,,,,,,,,,,,,,,,,,,,BarbarianKing_lvl3,,,,37,,,,,,,,,,,,10000,,,22,11,136,,14,,245,1063,,,,,,,,18,15,,,,,,,,,,,,,,,,,,,,,,,,,,,,,,
,,,,,3394,1,,1,9,,,,208,,,,,,,,,,,,,,,,,,,,,,BarbarianKing_lvl3,,,,38,,,,,,,,,,,,10000,,,22,11,136,,14,,245,1063,,,,,,,,18,15,,,,,,,,,,,,,,,,,,,,,,,,,,,,,,
,,,,,3478,1,,1,9,,,,213,,,,,,,,,,,,,,,,,,,,,,BarbarianKing_lvl3,,,,39,,,,,,,,,,,,10000,,,23,11,140,,16,,298,1247,,,,,,,,19,16,,,,,,,,,,,,,,,,,,,,,,,,,,,,,,
,,,,,3565,1,,1,10,,,,217,,,,,,,,,,,,,,,,,,,,,,BarbarianKing_lvl3,,,,40,,,,,,,,,,,,10000,,,23,11,140,,16,,298,1247,,,,,,,,19,16,,,,,,,,,,,,,,,,,,,,,,,,,,,,,,
,,,,,3655,1,,1,10,,,,221,,,,,,,,,,,,,,,,,,,,,,BarbarianKing_lvl3,,,,41,,,,,,,,,,,,10000,,,23,11,140,,16,,298,1247,,,,,,,,19,16,,,,,,,,,,,,,,,,,,,,,,,,,,,,,,
,,,,,3746,1,,1,10,,,,226,,,,,,,,,,,,,,,,,,,,,,BarbarianKing_lvl3,,,,42,,,,,,,,,,,,10000,,,23,11,140,,16,,298,1247,,,,,,,,19,16,,,,,,,,,,,,,,,,,,,,,,,,,,,,,,
,,,,,3840,1,,1,10,,,,230,,,,,,,,,,,,,,,,,,,,,,BarbarianKing_lvl3,,,,43,,,,,,,,,,,,10000,,,23,11,140,,16,,298,1247,,,,,,,,19,16,,,,,,,,,,,,,,,,,,,,,,,,,,,,,,
,,,,,3936,1,,1,10,,,,235,,,,,,,,,,,,,,,,,,,,,,BarbarianKing_lvl3,,,,44,,,,,,,,,,,,10000,,,24,12,144,,18,,354,1455,,,,,,,,20,17,,,,,,,,,,,,,,,,,,,,,,,,,,,,,,
,,,,,4034,1,,1,10,,,,239,,,,,,,,,,,,,,,,,,,,,,BarbarianKing_lvl3,,,,45,,,,,,,,,,,,10000,,,24,12,144,,18,,354,1455,,,,,,,,20,17,,,,,,,,,,,,,,,,,,,,,,,,,,,,,,
,,,,,4135,1,,1,10,,,,244,,,,,,,,,,,,,,,,,,,,,,BarbarianKing_lvl3,,,,46,,,,,,,,,,,,10000,,,24,12,144,,18,,354,1455,,,,,,,,20,17,,,,,,,,,,,,,,,,,,,,,,,,,,,,,,
,,,,,4238,1,,1,10,,,,249,,,,,,,,,,,,,,,,,,,,,,BarbarianKing_lvl3,,,,47,,,,,,,,,,,,10000,,,24,12,144,,18,,354,1455,,,,,,,,20,17,,,,,,,,,,,,,,,,,,,,,,,,,,,,,,
,,,,,4344,1,,1,10,,,,254,,,,,,,,,,,,,,,,,,,,,,BarbarianKing_lvl3,,,,48,,,,,,,,,,,,10000,,,24,12,144,,18,,354,1455,,,,,,,,20,17,,,,,,,,,,,,,,,,,,,,,,,,,,,,,,
,,,,,4453,1,,1,10,,,,259,,,,,,,,,,,,,,,,,,,,,,BarbarianKing_lvl3,,,,49,,,,,,,,,,,,10000,,,25,12,150,,20,,414,1692,,,,,,,,21,18,,,,,,,,,,,,,,,,,,,,,,,,,,,,,,
,,,,,4564,1,,1,11,,,,275,,,,,,,,,,,,,,,,,,,,,,BarbarianKing_lvl4,,,,50,,,,,,,,,,,,10000,,,25,12,150,,20,,414,1692,,,,,,,,21,18,,,,,,,,,,,,,,,,,,,,,,,,,,,,,,
,,,,,4678,1,,1,11,,,,281,,,,,,,,,,,,,,,,,,,,,,BarbarianKing_lvl4,,,,51,,,,,,,,,,,,10000,,,25,12,150,,20,,414,1692,,,,,,,,21,18,,,,,,,,,,,,,,,,,,,,,,,,,,,,,,
,,,,,4795,1,,1,11,,,,287,,,,,,,,,,,,,,,,,,,,,,BarbarianKing_lvl4,,,,52,,,,,,,,,,,,10000,,,25,12,150,,20,,414,1692,,,,,,,,21,18,,,,,,,,,,,,,,,,,,,,,,,,,,,,,,
,,,,,4915,1,,1,11,,,,293,,,,,,,,,,,,,,,,,,,,,,BarbarianKing_lvl4,,,,53,,,,,,,,,,,,10000,,,25,12,150,,20,,414,1692,,,,,,,,21,18,,,,,,,,,,,,,,,,,,,,,,,,,,,,,,
,,,,,5038,1,,1,11,,,,299,,,,,,,,,,,,,,,,,,,,,,BarbarianKing_lvl4,,,,54,,,,,,,,,,,,10000,,,26,13,155,,30,,600,5000,,,,,,,,22,19,,,,,,,,,,,,,,,,,,,,,,,,,,,,,,
Archer Queen,TID_ARCHER_QUEEN,TID_HERO_INSTRUCTIONS_QUEEN,sc/characters.cs,300,725,1,DarkElixir,1,9,500,750,,160,1,,sc/ui.sc,icon_hero_archerQueen,unit_archerQueen_big,sc/info_archer.sc,unit_archerQueen_small,sc/ui.sc,ArcherQueen arrow lvl1,ArcherQueen arrow rage,,Archer Queen Deploy,ArcherQueen attack,,Archer Queen Hit,false,true,true,false,,Archer Queen Die,ArcherQueen_lvl1,1000,25,Building Ready,10,,Elixir,,Archer Queen Scream,70,-50,300,Queen Ability Effect,true,,2500,0,true,0,,,,Archer,0,true,0,0,,,TID_HERO_ABILITY_QUEEN_TITLE,TID_HERO_ABILITY_QUEEN_DESC,icon_hero_archerQueen_ability1,unit_archerQueen_ability1_big,0,37,28,1300,,,,,,,,,,,,,,,,,,,,,,,,,3000,500,,-50,true
,,,,,740,1,,1,9,,,,164,,,,,,,,,ArcherQueen arrow lvl1,ArcherQueen arrow rage,,,,,,,,,,,,ArcherQueen_lvl1,,,,11,,,,,,,,,,,,0,,,,,,,0,,0,0,,,,,,,,37,28,,,,,,,,,,,,,,,,,,,,,,,,,,,,,,
,,,,,755,1,,1,9,,,,168,,,,,,,,,ArcherQueen arrow lvl1,ArcherQueen arrow rage,,,,,,,,,,,,ArcherQueen_lvl1,,,,12,,,,,,,,,,,,0,,,,,,,0,,0,0,,,,,,,,37,28,,,,,,,,,,,,,,,,,,,,,,,,,,,,,,
,,,,,771,1,,1,9,,,,172,,,,,,,,,ArcherQueen arrow lvl1,ArcherQueen arrow rage,,,,,,,,,,,,ArcherQueen_lvl1,,,,13,,,,,,,,,,,,0,,,,,,,0,,0,0,,,,,,,,37,28,,,,,,,,,,,,,,,,,,,,,,,,,,,,,,
,,,,,787,1,,1,9,,,,176,,,,,,,,,ArcherQueen arrow lvl1,ArcherQueen arrow rage,,,,,,,,,,,,ArcherQueen_lvl1,,,,14,,,,,,,,,,,,3600,,,,,,,5,,300,150,,,,,,,,38,29,,,,,,,,,,,,,,,,,,,,,,,,,,,,,,
,,,,,804,1,,1,9,,,,181,,,,,,,,,ArcherQueen arrow lvl1,ArcherQueen arrow rage,,,,,,,,,,,,ArcherQueen_lvl1,,,,15,,,,,,,,,,,,3600,,,,,,,5,,300,150,,,,,,,,38,29,,,,,,,,,,,,,,,,,,,,,,,,,,,,,,
,,,,,821,1,,1,9,,,,185,,,,,,,,,ArcherQueen arrow lvl1,ArcherQueen arrow rage,,,,,,,,,,,,ArcherQueen_lvl1,,,,16,,,,,,,,,,,,3600,,,,,,,5,,300,150,,,,,,,,38,29,,,,,,,,,,,,,,,,,,,,,,,,,,,,,,
,,,,,838,1,,1,9,,,,190,,,,,,,,,ArcherQueen arrow lvl1,ArcherQueen arrow rage,,,,,,,,,,,,ArcherQueen_lvl1,,,,17,,,,,,,,,,,,3600,,,,,,,5,,300,150,,,,,,,,38,29,,,,,,,,,,,,,,,,,,,,,,,,,,,,,,
,,,,,856,1,,1,9,,,,194,,,,,,,,,ArcherQueen arrow lvl1,ArcherQueen arrow rage,,,,,,,,,,,,ArcherQueen_lvl1,,,,18,,,,,,,,,,,,3600,,,,,,,5,,300,150,,,,,,,,38,29,,,,,,,,,,,,,,,,,,,,,,,,,,,,,,
,,,,,874,1,,1,9,,,,199,,,,,,,,,ArcherQueen arrow lvl1,ArcherQueen arrow rage,,,,,,,,,,,,ArcherQueen_lvl2,,,,19,,,,,,,,,,,,3800,,,,,,,6,,355,175,,,,,,,,39,30,,,,,,,,,,,,,,,,,,,,,,,,,,,,,,
,,,,,892,1,,1,9,,,,204,,,,,,,,,ArcherQueen arrow lvl1,ArcherQueen arrow rage,,,,,,,,,,,,ArcherQueen_lvl2,,,,20,,,,,,,,,,,,3800,,,,,,,6,,355,175,,,,,,,,39,30,,,,,,,,,,,,,,,,,,,,,,,,,,,,,,
,,,,,911,1,,1,9,,,,209,,,,,,,,,ArcherQueen arrow lvl1,ArcherQueen arrow rage,,,,,,,,,,,,ArcherQueen_lvl2,,,,21,,,,,,,,,,,,3800,,,,,,,6,,355,175,,,,,,,,39,30,,,,,,,,,,,,,,,,,,,,,,,,,,,,,,
,,,,,930,1,,1,9,,,,215,,,,,,,,,ArcherQueen arrow lvl1,ArcherQueen arrow rage,,,,,,,,,,,,ArcherQueen_lvl2,,,,22,,,,,,,,,,,,3800,,,,,,,6,,355,175,,,,,,,,39,30,,,,,,,,,,,,,,,,,,,,,,,,,,,,,,
,,,,,949,1,,1,9,,,,220,,,,,,,,,ArcherQueen arrow lvl1,ArcherQueen arrow rage,,,,,,,,,,,,ArcherQueen_lvl2,,,,23,,,,,,,,,,,,3800,,,,,,,6,,355,175,,,,,,,,39,30,,,,,,,,,,,,,,,,,,,,,,,,,,,,,,
,,,,,969,1,,1,9,,,,226,,,,,,,,,ArcherQueen arrow lvl1,ArcherQueen arrow rage,,,,,,,,,,,,ArcherQueen_lvl2,,,,24,,,,,,,,,,,,4000,,,,,,,7,,416,200,,,,,,,,40,31,,,,,,,,,,,,,,,,,,,,,,,,,,,,,,
,,,,,990,1,,1,9,,,,231,,,,,,,,,ArcherQueen arrow lvl1,ArcherQueen arrow rage,,,,,,,,,,,,ArcherQueen_lvl2,,,,25,,,,,,,,,,,,4000,,,,,,,7,,416,200,,,,,,,,40,31,,,,,,,,,,,,,,,,,,,,,,,,,,,,,,
,,,,,1010,1,,1,9,,,,237,,,,,,,,,ArcherQueen arrow lvl1,ArcherQueen arrow rage,,,,,,,,,,,,ArcherQueen_lvl2,,,,26,,,,,,,,,,,,4000,,,,,,,7,,416,200,,,,,,,,40,31,,,,,,,,,,,,,,,,,,,,,,,,,,,,,,
,,,,,1032,1,,1,9,,,,243,,,,,,,,,ArcherQueen arrow lvl1,ArcherQueen arrow rage,,,,,,,,,,,,ArcherQueen_lvl2,,,,27,,,,,,,,,,,,4000,,,,,,,7,,416,200,,,,,,,,40,31,,,,,,,,,,,,,,,,,,,,,,,,,,,,,,
,,,,,1053,1,,1,9,,,,249,,,,,,,,,ArcherQueen arrow lvl1,ArcherQueen arrow rage,,,,,,,,,,,,ArcherQueen_lvl2,,,,28,,,,,,,,,,,,4000,,,,,,,7,,416,200,,,,,,,,40,31,,,,,,,,,,,,,,,,,,,,,,,,,,,,,,
,,,,,1076,1,,1,9,,,,255,,,,,,,,,ArcherQueen arrow lvl2,ArcherQueen arrow rage,,,,,,,,,,,,ArcherQueen_lvl3,,,,29,,,,,,,,,,,,4200,,,,,,,8,,483,225,,,,,,,,41,32,,,,,,,,,,,,,,,,,,,,,,,,,,,,,,
,,,,,1098,1,,1,9,,,,262,,,,,,,,,ArcherQueen arrow lvl2,ArcherQueen arrow rage,,,,,,,,,,,,ArcherQueen_lvl3,,,,30,,,,,,,,,,,,4200,,,,,,,8,,483,225,,,,,,,,41,32,,,,,,,,,,,,,,,,,,,,,,,,,,,,,,
,,,,,1121,1,,1,9,,,,268,,,,,,,,,ArcherQueen arrow lvl2,ArcherQueen arrow rage,,,,,,,,,,,,ArcherQueen_lvl3,,,,31,,,,,,,,,,,,4200,,,,,,,8,,483,225,,,,,,,,41,32,,,,,,,,,,,,,,,,,,,,,,,,,,,,,,
,,,,,1145,1,,1,9,,,,275,,,,,,,,,ArcherQueen arrow lvl2,ArcherQueen arrow rage,,,,,,,,,,,,ArcherQueen_lvl3,,,,32,,,,,,,,,,,,4200,,,,,,,8,,483,225,,,,,,,,41,32,,,,,,,,,,,,,,,,,,,,,,,,,,,,,,
,,,,,1169,1,,1,9,,,,282,,,,,,,,,ArcherQueen arrow lvl2,ArcherQueen arrow rage,,,,,,,,,,,,ArcherQueen_lvl3,,,,33,,,,,,,,,,,,4200,,,,,,,8,,483,225,,,,,,,,41,32,,,,,,,,,,,,,,,,,,,,,,,,,,,,,,
,,,,,1193,1,,1,9,,,,289,,,,,,,,,ArcherQueen arrow lvl2,ArcherQueen arrow rage,,,,,,,,,,,,ArcherQueen_lvl3,,,,34,,,,,,,,,,,,4400,,,,,,,9,,557,250,,,,,,,,42,33,,,,,,,,,,,,,,,,,,,,,,,,,,,,,,
,,,,,1218,1,,1,9,,,,296,,,,,,,,,ArcherQueen arrow lvl2,ArcherQueen arrow rage,,,,,,,,,,,,ArcherQueen_lvl3,,,,35,,,,,,,,,,,,4400,,,,,,,9,,557,250,,,,,,,,42,33,,,,,,,,,,,,,,,,,,,,,,,,,,,,,,
,,,,,1244,1,,1,9,,,,304,,,,,,,,,ArcherQueen arrow lvl2,ArcherQueen arrow rage,,,,,,,,,,,,ArcherQueen_lvl3,,,,36,,,,,,,,,,,,4400,,,,,,,9,,557,250,,,,,,,,42,33,,,,,,,,,,,,,,,,,,,,,,,,,,,,,,
,,,,,1270,1,,1,9,,,,311,,,,,,,,,ArcherQueen arrow lvl2,ArcherQueen arrow rage,,,,,,,,,,,,ArcherQueen_lvl3,,,,37,,,,,,,,,,,,4400,,,,,,,9,,557,250,,,,,,,,42,33,,,,,,,,,,,,,,,,,,,,,,,,,,,,,,
,,,,,1297,1,,1,9,,,,319,,,,,,,,,ArcherQueen arrow lvl2,ArcherQueen arrow rage,,,,,,,,,,,,ArcherQueen_lvl3,,,,38,,,,,,,,,,,,4400,,,,,,,9,,557,250,,,,,,,,42,33,,,,,,,,,,,,,,,,,,,,,,,,,,,,,,
,,,,,1324,1,,1,9,,,,327,,,,,,,,,ArcherQueen arrow lvl2,ArcherQueen arrow rage,,,,,,,,,,,,ArcherQueen_lvl3,,,,39,,,,,,,,,,,,4600,,,,,,,10,,638,275,,,,,,,,43,34,,,,,,,,,,,,,,,,,,,,,,,,,,,,,,
,,,,,1352,1,,1,10,,,,335,,,,,,,,,ArcherQueen arrow lvl2,ArcherQueen arrow rage,,,,,,,,,,,,ArcherQueen_lvl3,,,,40,,,,,,,,,,,,4600,,,,,,,10,,638,275,,,,,,,,43,34,,,,,,,,,,,,,,,,,,,,,,,,,,,,,,
,,,,,1380,1,,1,10,,,,344,,,,,,,,,ArcherQueen arrow lvl2,ArcherQueen arrow rage,,,,,,,,,,,,ArcherQueen_lvl3,,,,41,,,,,,,,,,,,4600,,,,,,,10,,638,275,,,,,,,,43,34,,,,,,,,,,,,,,,,,,,,,,,,,,,,,,
,,,,,1409,1,,1,10,,,,352,,,,,,,,,ArcherQueen arrow lvl2,ArcherQueen arrow rage,,,,,,,,,,,,ArcherQueen_lvl3,,,,42,,,,,,,,,,,,4600,,,,,,,10,,638,275,,,,,,,,43,34,,,,,,,,,,,,,,,,,,,,,,,,,,,,,,
,,,,,1439,1,,1,10,,,,361,,,,,,,,,ArcherQueen arrow lvl2,ArcherQueen arrow rage,,,,,,,,,,,,ArcherQueen_lvl3,,,,43,,,,,,,,,,,,4600,,,,,,,10,,638,275,,,,,,,,43,34,,,,,,,,,,,,,,,,,,,,,,,,,,,,,,
,,,,,1469,1,,1,10,,,,370,,,,,,,,,ArcherQueen arrow lvl2,ArcherQueen arrow rage,,,,,,,,,,,,ArcherQueen_lvl3,,,,44,,,,,,,,,,,,4800,,,,,,,11,,725,300,,,,,,,,44,35,,,,,,,,,,,,,,,,,,,,,,,,,,,,,,
,,,,,1500,1,,1,10,,,,379,,,,,,,,,ArcherQueen arrow lvl2,ArcherQueen arrow rage,,,,,,,,,,,,ArcherQueen_lvl3,,,,45,,,,,,,,,,,,4800,,,,,,,11,,725,300,,,,,,,,44,35,,,,,,,,,,,,,,,,,,,,,,,,,,,,,,
,,,,,1532,1,,1,10,,,,389,,,,,,,,,ArcherQueen arrow lvl2,ArcherQueen arrow rage,,,,,,,,,,,,ArcherQueen_lvl3,,,,46,,,,,,,,,,,,4800,,,,,,,11,,725,300,,,,,,,,44,35,,,,,,,,,,,,,,,,,,,,,,,,,,,,,,
,,,,,1564,1,,1,10,,,,398,,,,,,,,,ArcherQueen arrow lvl2,ArcherQueen arrow rage,,,,,,,,,,,,ArcherQueen_lvl3,,,,47,,,,,,,,,,,,4800,,,,,,,11,,725,300,,,,,,,,44,35,,,,,,,,,,,,,,,,,,,,,,,,,,,,,,
,,,,,1597,1,,1,10,,,,408,,,,,,,,,ArcherQueen arrow lvl2,ArcherQueen arrow rage,,,,,,,,,,,,ArcherQueen_lvl3,,,,48,,,,,,,,,,,,4800,,,,,,,11,,725,300,,,,,,,,44,35,,,,,,,,,,,,,,,,,,,,,,,,,,,,,,
,,,,,1630,1,,1,10,,,,419,,,,,,,,,ArcherQueen arrow lvl2,ArcherQueen arrow rage,,,,,,,,,,,,ArcherQueen_lvl3,,,,49,,,,,,,,,,,,5000,,,,,,,12,,819,325,,,,,,,,45,36,,,,,,,,,,,,,,,,,,,,,,,,,,,,,,
,,,,,1664,1,,1,11,,,,429,,,,,,,,,ArcherQueen arrow lvl3,ArcherQueen arrow rage2,,,,,,,,,,,,ArcherQueen_lvl4,,,,50,,,,,,,,,,,,5000,,,,,,,12,,819,325,,,,,,,,45,36,,,,,,,,,,,,,,,,,,,,,,,,,,,,,,
,,,,,1699,1,,1,11,,,,440,,,,,,,,,ArcherQueen arrow lvl3,ArcherQueen arrow rage2,,,,,,,,,,,,ArcherQueen_lvl4,,,,51,,,,,,,,,,,,5000,,,,,,,12,,819,325,,,,,,,,45,36,,,,,,,,,,,,,,,,,,,,,,,,,,,,,,
,,,,,1735,1,,1,11,,,,451,,,,,,,,,ArcherQueen arrow lvl3,ArcherQueen arrow rage2,,,,,,,,,,,,ArcherQueen_lvl4,,,,52,,,,,,,,,,,,5000,,,,,,,12,,819,325,,,,,,,,45,36,,,,,,,,,,,,,,,,,,,,,,,,,,,,,,
,,,,,1771,1,,1,11,,,,462,,,,,,,,,ArcherQueen arrow lvl3,ArcherQueen arrow rage2,,,,,,,,,,,,ArcherQueen_lvl4,,,,53,,,,,,,,,,,,5000,,,,,,,12,,819,325,,,,,,,,45,36,,,,,,,,,,,,,,,,,,,,,,,,,,,,,,
,,,,,1809,1,,1,11,,,,474,,,,,,,,,ArcherQueen arrow lvl3,ArcherQueen arrow rage2,,,,,,,,,,,,ArcherQueen_lvl4,,,,54,,,,,,,,,,,,8000,,,,,,,26,,1000,980,,,,,,,,46,37,,,,,,,,,,,,,,,,,,,,,,,,,,,,,,
Grand Warden,TID_GRAND_WARDEN,TID_HERO_INSTRUCTIONS_WARDEN,sc/characters.cs,200,1000,1,Elixir,1,11,700,1800,1050,50,1,,sc/ui.sc,icon_hero_grandwarden,unit_elder_big,sc/info_ancientelder.sc,unit_grandwarden_small,sc/ui.sc,,,,Grand Warden Deploy,GrandWarden Attack,GrandWarden Attack Air,Grand Warden Hit,false,true,true,true,,Grand Warden Die,elder_ground_lvl1,900,25,Building Ready,30,,Elixir,,Grand Warden Scream,70,-50,300,,true,WIZARD,1000,,true,0,,,,Wizard,10,FALSE,0,600,,,TID_HERO_ABILITY_WARDEN_TITLE,TID_HERO_ABILITY_WARDEN_DESC,icon_hero_grandwarden_ability1,unit_elder_ability_big,0,75,60,1300,,Growth,0,TID_HERO_AURA_WARDEN_TITLE,TID_HERO_AURA_WARDEN_DESC,unit_elder_ability_big,,,,,,TRUE,TRUE,elder_air_lvl1,,,,TRUE,500,1300,2000,TRUE,792,1,3000,500,Grand Warden Statue Attack,-50,true
,,,,,1021,1,,1,11,,,,52,,,,,,,,,,,,,,,,,,,,,,elder_ground_lvl1,,,,31,,,,,,,,,,,,,,,,,,,10,,100,600,,,,,,,,75,60,,,,1,,,,,,,,,,,elder_air_lvl1,,,,,,,,,,,,,,,
,,,,,1042,1,,1,11,,,,54,,,,,,,,,,,,,,,,,,,,,,elder_ground_lvl1,,,,32,,,,,,,,,,,,,,,,,,,10,,200,600,,,,,,,,75,60,,,,2,,,,,,,,,,,elder_air_lvl1,,,,,,,,,,,,,,,
,,,,,1064,1,,1,11,,,,56,,,,,,,,,,,,,,,,,,,,,,elder_ground_lvl1,,,,33,,,,,,,,,,,,,,,,,,,10,,300,600,,,,,,,,75,60,,,,3,,,,,,,,,,,elder_air_lvl1,,,,,,,,,,,,,,,
,,,,,1086,1,,1,11,,,,58,,,,,,,,,,,,,,,,,,,,,,elder_ground_lvl1,,,,34,,,,,,,,,,,,,,,,,,,10,,600,600,,,,,,,,76,61,,,,4,,,,Shield,0,,,,,,elder_air_lvl1,,,,,,,,,,,,,,,
,,,,,1108,1,,1,11,,,,60,,,,,,,,,,,,,,,,,,,,,,elder_ground_lvl1,,,,35,,,,,,,,,,,,,,,,,,,10,,400,600,,,,,,,,76,61,,,,5,,,,,0,,,,,,elder_air_lvl1,,,,,,,,,,,,,,,
,,,,,1131,1,,1,11,,,,63,,,,,,,,,,,,,,,,,,,,,,elder_ground_lvl1,,,,36,,,,,,,,,,,,,,,,,,,10,,400,600,,,,,,,,76,61,,,,6,,,,,0,,,,,,elder_air_lvl1,,,,,,,,,,,,,,,
,,,,,1155,1,,1,11,,,,66,,,,,,,,,,,,,,,,,,,,,,elder_ground_lvl1,,,,37,,,,,,,,,,,,,,,,,,,10,,400,600,,,,,,,,76,61,,,,7,,,,,0,,,,,,elder_air_lvl1,,,,,,,,,,,,,,,
,,,,,1180,1,,1,11,,,,69,,,,,,,,,,,,,,,,,,,,,,elder_ground_lvl1,,,,38,,,,,,,,,,,,,,,,,,,10,,400,600,,,,,,,,76,61,,,,8,,,,,0,,,,,,elder_air_lvl1,,,,,,,,,,,,,,,
,,,,,1206,1,,1,11,,,,72,,,,,,,,,,,,,,,,,,,,,,elder_ground_lvl2,,,,39,,,,,,,,,,,,,,,,,,,10,,400,600,,,,,,,,77,62,,,,9,,,,,1,,,,,,elder_air_lvl2,,,,,,,,,,,,,,,
,,,,,1233,1,,1,11,,,,75,,,,,,,,,,,,,,,,,,,,,,elder_ground_lvl2,,,,40,,,,,,,,,,,,,,,,,,,10,,400,600,,,,,,,,77,62,,,,10,,,,,1,,,,,,elder_air_lvl2,,,,,,,,,,,,,,,
,,,,,1261,1,,1,11,,,,78,,,,,,,,,,,,,,,,,,,,,,elder_ground_lvl2,,,,41,,,,,,,,,,,,,,,,,,,10,,400,600,,,,,,,,77,62,,,,11,,,,,1,,,,,,elder_air_lvl2,,,,,,,,,,,,,,,
,,,,,1290,1,,1,11,,,,82,,,,,,,,,,,,,,,,,,,,,,elder_ground_lvl2,,,,42,,,,,,,,,,,,,,,,,,,10,,400,600,,,,,,,,77,62,,,,12,,,,,1,,,,,,elder_air_lvl2,,,,,,,,,,,,,,,
,,,,,1320,1,,1,11,,,,86,,,,,,,,,,,,,,,,,,,,,,elder_ground_lvl2,,,,43,,,,,,,,,,,,,,,,,,,10,,400,600,,,,,,,,77,62,,,,13,,,,,1,,,,,,elder_air_lvl2,,,,,,,,,,,,,,,
,,,,,1350,1,,1,11,,,,90,,,,,,,,,,,,,,,,,,,,,,elder_ground_lvl2,,,,44,,,,,,,,,,,,,,,,,,,10,,400,600,,,,,,,,78,63,,,,14,,,,,2,,,,,,elder_air_lvl2,,,,,,,,,,,,,,,
,,,,,1380,1,,1,11,,,,94,,,,,,,,,,,,,,,,,,,,,,elder_ground_lvl2,,,,45,,,,,,,,,,,,,,,,,,,10,,400,600,,,,,,,,78,63,,,,15,,,,,2,,,,,,elder_air_lvl2,,,,,,,,,,,,,,,
,,,,,1410,1,,1,11,,,,98,,,,,,,,,,,,,,,,,,,,,,elder_ground_lvl2,,,,46,,,,,,,,,,,,,,,,,,,10,,400,600,,,,,,,,78,63,,,,16,,,,,2,,,,,,elder_air_lvl2,,,,,,,,,,,,,,,
,,,,,1440,1,,1,11,,,,102,,,,,,,,,,,,,,,,,,,,,,elder_ground_lvl2,,,,47,,,,,,,,,,,,,,,,,,,10,,400,600,,,,,,,,78,63,,,,17,,,,,2,,,,,,elder_air_lvl2,,,,,,,,,,,,,,,
,,,,,1470,1,,1,11,,,,106,,,,,,,,,,,,,,,,,,,,,,elder_ground_lvl2,,,,48,,,,,,,,,,,,,,,,,,,10,,400,600,,,,,,,,78,63,,,,18,,,,,2,,,,,,elder_air_lvl2,,,,,,,,,,,,,,,
,,,,,1500,1,,1,11,,,,110,,,,,,,,,,,,,,,,,,,,,,elder_ground_lvl2,,,,49,,,,,,,,,,,,,,,,,,,10,,400,600,,,,,,,,79,64,,,,19,,,,,3,,,,,,elder_air_lvl2,,,,,,,,,,,,,,,
P.E.K.K.A King,TID_PEKKA_KING,TID_PEKKA_KING_INFO,sc/characters.cs,200,1500,1,Gold,1,11,100,800,,80,1,,sc/ui.sc,icon_unit_pekka,unit_pekka_big,sc/info_pekka.sc,icon_unit_pekka,sc/ui.sc,,,,Pekka Deploy,Pekka Attack,,Pekka Hit,false,true,true,false,,Pekka Die,PEKKA,1000,25,Building Ready,30,,Elixir,,PEKKA,70,-50,300,King Ability Effect,true,PEKKA,2500,10000,true,15000,0,,50,PEKKA,10,,100,900,,,TID_HERO_ABILITY_BARBARIAN_TITLE,TID_HERO_ABILITY_BARBARIAN_DESC,icon_unit_pekka,unit_pekka_big,0,50,90,1300,0,,,,,,,,,,,,,,,,,,,,,,,,300,500,,-50,true
,,,,,1600,1,,1,11,,,,120,,,,,,,,,,,,,,,,,,,,,,PEKKA2,,,,30,,,,,,,,,,,,10000,,,4,,70,,10,,100,900,,,,,,,,17,14,,,,,,,,,,,,,,,,,,,,,,,,,,,,,,
,,,,,1800,1,,1,11,,,,250,,,,,,,,,,,,,,,,,,,,,,PEKKA3,,,,30,,,,,,,,,,,,10000,,,10,,90,,10,,200,900,,,,,,,,17,14,,,,,,,,,,,,,,,,,,,,,,,,,,,,,,
,,,,,2500,1,,1,11,,,,280,,,,,,,,,,,,,,,,,,,,,,PEKKA4,,,,30,,,,,,,,,,,,10000,,,15,,100,,10,,300,900,,,,,,,,17,14,,,,,,,,,,,,,,,,,,,,,,,,,,,,,,
,,,,,5000,1,,1,11,,,,300,,,,,,,,,,,,,,,,,,,,,,PEKKA5,,,,30,,,,,,,,,,,,10000,,,25,,150,,10,,400,900,,,,,,,,18,15,,,,,,,,,,,,,,,,,,,,,,,,,,,,,,
Giant King,TID_GIANT_KING,TID_GIANT_KING_INFO,sc/characters.cs,200,1000,1,Gold,1,11,100,800,,60,1,,sc/ui.sc,icon_unit_giant,unit_giant_big,sc/info_giant.sc,icon_unit_giant,sc/ui.sc,,,,Giant Deploy,Giant Attack,,Giant Hit,false,false,true,true,,Giant Die,Giant,1000,25,Building Ready,30,,Elixir,,GIANT,70,-50,300,King Ability Effect,true,GIANT,2500,10000,true,15000,0,,60,Giant,10,,100,900,,,TID_HERO_ABILITY_BARBARIAN_TITLE,TID_HERO_ABILITY_BARBARIAN_DESC,icon_unit_giant,unit_giant_big,5,18,15,1300,0,,,,,,,,,,,,,,,,,,,,,,,,3000,500,,-50,true
,,,,,1100,1,,1,11,,,,80,,,,,,,,,,,,,,,,,,,,,,Giant,,,,30,,,,,,,,,,,,10000,,,4,,80,,10,,100,900,,,,,,,,18,15,,,,,,,,,,,,,,,,,,,,,,,,,,,,,,
,,,,,1600,1,,1,11,,,,120,,,,,,,,,,,,,,,,,,,,,,Giant2,,,,30,,,,,,,,,,,,10000,,,8,,100,,10,,100,900,,,,,,,,18,15,,,,,,,,,,,,,,,,,,,,,,,,,,,,,,
,,,,,1800,1,,1,11,,,,160,,,,,,,,,,,,,,,,,,,,,,Giant2,,,,30,,,,,,,,,,,,10000,,,12,,110,,10,,300,900,,,,,,,,18,15,,,,,,,,,,,,,,,,,,,,,,,,,,,,,,
,,,,,1990,1,,1,11,,,,180,,,,,,,,,,,,,,,,,,,,,,Giant3,,,,30,,,,,,,,,,,,10000,,,14,,120,,12,,300,900,,,,,,,,19,16,,,,,,,,,,,,,,,,,,,,,,,,,,,,,,
,,,,,2000,1,,1,11,,,,200,,,,,,,,,,,,,,,,,,,,,,Giant6,,,,30,,,,,,,,,,,,10000,,,16,,130,,12,,300,900,,,,,,,,19,16,,,,,,,,,,,,,,,,,,,,,,,,,,,,,,
,,,,,2500,1,,1,11,,,,220,,,,,,,,,,,,,,,,,,,,,,Giant7,,,,30,,,,,,,,,,,,10000,,,20,,140,,12,,300,900,,,,,,,,19,16,,,,,,,,,,,,,,,,,,,,,,,,,,,,,,
,,,,,5000,1,,1,11,,,,240,,,,,,,,,,,,,,,,,,,,,,Giant8,,,,30,,,,,,,,,,,,10000,,,25,,150,,15,,400,900,,,,,,,,19,16,,,,,,,,,,,,,,,,,,,,,,,,,,,,,,
Ice Wizard King,TID_ICE_WIZARD_KING,TID_ICE_WIZARD_KING_INFO,sc/characters.cs,200,900,1,Gold,1,11,100,800,,60,1,,sc/ui.sc,icon_unit_iceWizard,unit_icewizard_big,sc/info_icewizard.sc,icon_unit_iceWizard,sc/ui.sc,,,,IceWizard Deploy,IceWizard_attack,,IceWizard Hit1,false,true,true,false,,Ice Wizard Die,Ice Wizard1,1000,25,Building Ready,30,,Elixir,,Ice Wizard,70,-50,300,King Ability Effect,true,Ice Wizard_xmas,2500,100000,true,15000,0,,60,Ice Wizard_xmas,10,,100,900,,,TID_HERO_ABILITY_BARBARIAN_TITLE,TID_HERO_ABILITY_BARBARIAN_DESC,icon_unit_iceWizard,unit_icewizard_big,0,19,16,1300,0,,,,,,,,,,,,,,,,,,,,,,,,3000,500,,-50,true
,,,,,1100,1,,1,11,,,,80,,,,,,,,,,,,,,,,,,,,,,Ice Wizard1,,,,30,,,,,,,,,,,,100000,,,4,,80,,10,,100,900,,,,,,,,20,17,,,,,,,,,,,,,,,,,,,,,,,,,,,,,,
,,,,,1400,1,,1,11,,,,100,,,,,,,,,,,,,,,,,,,,,,Ice Wizard1,,,,30,,,,,,,,,,,,100000,,,12,,90,,12,,200,900,,,,,,,,20,17,,,,,,,,,,,,,,,,,,,,,,,,,,,,,,
,,,,,2500,1,,1,11,,,,180,,,,,,,,,,,,,,,,,,,,,,Ice Wizard1,,,,30,,,,,,,,,,,,100000,,,18,,100,,12,,300,900,,,,,,,,20,17,,,,,,,,,,,,,,,,,,,,,,,,,,,,,,
,,,,,5000,1,,1,11,,,,200,,,,,,,,,,,,,,,,,,,,,,Ice Wizard1,,,,30,,,,,,,,,,,,100000,,,25,,150,,15,,400,900,,,,,,,,20,17,,,,,,,,,,,,,,,,,,,,,,,,,,,,,,
